"State,Airport,Type"
"AK,ADK,Destination"
"AK,ADQ,Destination"
"AK,AKN,Destination"
"AK,ANC,Destination"
"AK,BET,Destination"
"AK,BRW,Destination"
"AK,CDV,Destination"
"AK,DLG,Destination"
"AK,FAI,Destination"
"AK,JNU,Destination"
"AK,KTN,Destination"
"AK,OME,Destination"
"AK,OTZ,Destination"
"AK,PSG,Destination"
"AK,SCC,Destination"
"AK,SIT,Destination"
"AK,WRG,Destination"
"AK,YAK,Destination"
"AL,BHM,Destination"
"AL,DHN,Destination"
"AL,HSV,Destination"
"AL,MGM,Destination"
"AL,MOB,Destination"
"AR,FSM,Destination"
"AR,LIT,Destination"
"AR,TXK,Destination"
"AR,XNA,Destination"
"AZ,AZA,Destination"
"AZ,FLG,Destination"
"AZ,PHX,Destination"
"AZ,PRC,Destination"
"AZ,TUS,Destination"
"AZ,YUM,Destination"
"CA,ACV,Destination"
"CA,BFL,Destination"
"CA,BIH,Destination"
"CA,BUR,Destination"
"CA,FAT,Destination"
"CA,LAX,Destination"
"CA,LGB,Destination"
"CA,MRY,Destination"
"CA,OAK,Destination"
"CA,ONT,Destination"
"CA,PSP,Destination"
"CA,RDD,Destination"
"CA,SAN,Destination"
"CA,SBA,Destination"
"CA,SBP,Destination"
"CA,SCK,Destination"
"CA,SFO,Destination"
"CA,SJC,Destination"
"CA,SMF,Destination"
"CA,SMX,Destination"
"CA,SNA,Destination"
"CA,STS,Destination"
"CO,ALS,Destination"
"CO,ASE,Destination"
"CO,COS,Destination"
"CO,DEN,Destination"
"CO,DRO,Destination"
"CO,EGE,Destination"
"CO,GJT,Destination"
"CO,GUC,Destination"
"CO,HDN,Destination"
"CO,MTJ,Destination"
"CO,PUB,Destination"
"CT,BDL,Destination"
"DE,ILG,Destination"
"FL,DAB,Destination"
"FL,ECP,Destination"
"FL,EYW,Destination"
"FL,FLL,Destination"
"FL,GNV,Destination"
"FL,JAX,Destination"
"FL,MCO,Destination"
"FL,MIA,Destination"
"FL,MLB,Destination"
"FL,PBI,Destination"
"FL,PGD,Destination"
"FL,PIE,Destination"
"FL,PNS,Destination"
"FL,RSW,Destination"
"FL,SFB,Destination"
"FL,SRQ,Destination"
"FL,TLH,Destination"
"FL,TPA,Destination"
"FL,VPS,Destination"
"GA,ABY,Destination"
"GA,AGS,Destination"
"GA,ATL,Destination"
"GA,BQK,Destination"
"GA,CSG,Destination"
"GA,SAV,Destination"
"GA,VLD,Destination"
"HI,HNL,Destination"
"HI,ITO,Destination"
"HI,KOA,Destination"
"HI,LIH,Destination"
"HI,OGG,Destination"
"IA,ALO,Destination"
"IA,CID,Destination"
"IA,DBQ,Destination"
"IA,DSM,Destination"
"IA,FOD,Destination"
"IA,MCW,Destination"
"IA,SUX,Destination"
"ID,BOI,Destination"
"ID,IDA,Destination"
"ID,LWS,Destination"
"ID,PIH,Destination"
"ID,SUN,Destination"
"ID,TWF,Destination"
"IL,BLV,Destination"
"IL,BMI,Destination"
"IL,CMI,Destination"
"IL,DEC,Destination"
"IL,MDW,Destination"
"IL,MLI,Destination"
"IL,ORD,Destination"
"IL,PIA,Destination"
"IL,RFD,Destination"
"IL,SPI,Destination"
"IN,EVV,Destination"
"IN,FWA,Destination"
"IN,IND,Destination"
"IN,SBN,Destination"
"KS,DDC,Destination"
"KS,GCK,Destination"
"KS,HYS,Destination"
"KS,ICT,Destination"
"KS,LBL,Destination"
"KS,MHK,Destination"
"KS,SLN,Destination"
"KY,CVG,Destination"
"KY,LEX,Destination"
"KY,OWB,Destination"
"KY,PAH,Destination"
"KY,SDF,Destination"
"LA,AEX,Destination"
"LA,BTR,Destination"
"LA,LCH,Destination"
"LA,LFT,Destination"
"LA,MLU,Destination"
"LA,MSY,Destination"
"LA,SHV,Destination"
"MA,BOS,Destination"
"MA,ORH,Destination"
"MD,BWI,Destination"
"MD,HGR,Destination"
"MD,SBY,Destination"
"ME,BGR,Destination"
"ME,PQI,Destination"
"ME,PWM,Destination"
"MI,APN,Destination"
"MI,AZO,Destination"
"MI,CIU,Destination"
"MI,CMX,Destination"
"MI,DTW,Destination"
"MI,ESC,Destination"
"MI,FNT,Destination"
"MI,GRR,Destination"
"MI,IMT,Destination"
"MI,LAN,Destination"
"MI,MBS,Destination"
"MI,MKG,Destination"
"MI,MQT,Destination"
"MI,PLN,Destination"
"MI,TVC,Destination"
"MN,BJI,Destination"
"MN,BRD,Destination"
"MN,DLH,Destination"
"MN,HIB,Destination"
"MN,INL,Destination"
"MN,MSP,Destination"
"MN,RST,Destination"
"MN,STC,Destination"
"MO,CGI,Destination"
"MO,COU,Destination"
"MO,JLN,Destination"
"MO,MCI,Destination"
"MO,SGF,Destination"
"MO,STL,Destination"
"MO,TBN,Destination"
"MS,GPT,Destination"
"MS,GTR,Destination"
"MS,JAN,Destination"
"MS,MEI,Destination"
"MS,PIB,Destination"
"MT,BIL,Destination"
"MT,BTM,Destination"
"MT,BZN,Destination"
"MT,FCA,Destination"
"MT,GTF,Destination"
"MT,HLN,Destination"
"MT,MSO,Destination"
"NC,AVL,Destination"
"NC,CLT,Destination"
"NC,EWN,Destination"
"NC,FAY,Destination"
"NC,GSO,Destination"
"NC,ILM,Destination"
"NC,OAJ,Destination"
"NC,PGV,Destination"
"NC,RDU,Destination"
"NC,USA,Destination"
"ND,BIS,Destination"
"ND,DIK,Destination"
"ND,DVL,Destination"
"ND,FAR,Destination"
"ND,GFK,Destination"
"ND,JMS,Destination"
"ND,MOT,Destination"
"ND,XWA,Destination"
"NE,BFF,Destination"
"NE,EAR,Destination"
"NE,GRI,Destination"
"NE,LBF,Destination"
"NE,LNK,Destination"
"NE,OMA,Destination"
"NH,MHT,Destination"
"NH,PSM,Destination"
"NJ,ACY,Destination"
"NJ,EWR,Destination"
"NJ,TTN,Destination"
"NM,ABQ,Destination"
"NM,HOB,Destination"
"NM,ROW,Destination"
"NM,SAF,Destination"
"NV,EKO,Destination"
"NV,LAS,Destination"
"NV,RNO,Destination"
"NY,ALB,Destination"
"NY,ART,Destination"
"NY,BGM,Destination"
"NY,BUF,Destination"
"NY,ELM,Destination"
"NY,HPN,Destination"
"NY,IAG,Destination"
"NY,ISP,Destination"
"NY,ITH,Destination"
"NY,JFK,Destination"
"NY,LGA,Destination"
"NY,OGS,Destination"
"NY,PBG,Destination"
"NY,ROC,Destination"
"NY,SWF,Destination"
"NY,SYR,Destination"
"OH,CAK,Destination"
"OH,CLE,Destination"
"OH,CMH,Destination"
"OH,DAY,Destination"
"OH,LCK,Destination"
"OH,TOL,Destination"
"OK,LAW,Destination"
"OK,OKC,Destination"
"OK,SWO,Destination"
"OK,TUL,Destination"
"OR,EUG,Destination"
"OR,MFR,Destination"
"OR,OTH,Destination"
"OR,PDX,Destination"
"OR,RDM,Destination"
"PA,ABE,Destination"
"PA,AVP,Destination"
"PA,ERI,Destination"
"PA,JST,Destination"
"PA,LBE,Destination"
"PA,MDT,Destination"
"PA,PHL,Destination"
"PA,PIT,Destination"
"PA,SCE,Destination"
"PR,BQN,Destination"
"PR,PSE,Destination"
"PR,SJU,Destination"
"RI,PVD,Destination"
"SC,CAE,Destination"
"SC,CHS,Destination"
"SC,FLO,Destination"
"SC,GSP,Destination"
"SC,HHH,Destination"
"SC,MYR,Destination"
"SD,ABR,Destination"
"SD,ATY,Destination"
"SD,FSD,Destination"
"SD,PIR,Destination"
"SD,RAP,Destination"
"TN,BNA,Destination"
"TN,CHA,Destination"
"TN,MEM,Destination"
"TN,TRI,Destination"
"TN,TYS,Destination"
"TT,GUM,Destination"
"TT,PPG,Destination"
"TT,SPN,Destination"
"TX,ABI,Destination"
"TX,ACT,Destination"
"TX,AMA,Destination"
"TX,AUS,Destination"
"TX,BPT,Destination"
"TX,BRO,Destination"
"TX,CLL,Destination"
"TX,CRP,Destination"
"TX,DAL,Destination"
"TX,DFW,Destination"
"TX,DRT,Destination"
"TX,ELP,Destination"
"TX,GGG,Destination"
"TX,GRK,Destination"
"TX,HOU,Destination"
"TX,HRL,Destination"
"TX,IAH,Destination"
"TX,LBB,Destination"
"TX,LRD,Destination"
"TX,MAF,Destination"
"TX,MFE,Destination"
"TX,SAT,Destination"
"TX,SJT,Destination"
"TX,SPS,Destination"
"TX,TYR,Destination"
"TX,VCT,Destination"
"UT,CDC,Destination"
"UT,CNY,Destination"
"UT,OGD,Destination"
"UT,PVU,Destination"
"UT,SGU,Destination"
"UT,SLC,Destination"
"UT,VEL,Destination"
"VA,CHO,Destination"
"VA,DCA,Destination"
"VA,IAD,Destination"
"VA,LYH,Destination"
"VA,ORF,Destination"
"VA,PHF,Destination"
"VA,RIC,Destination"
"VA,ROA,Destination"
"VA,SHD,Destination"
"VI,STT,Destination"
"VI,STX,Destination"
"VT,BTV,Destination"
"WA,ALW,Destination"
"WA,BLI,Destination"
"WA,EAT,Destination"
"WA,GEG,Destination"
"WA,PAE,Destination"
"WA,PSC,Destination"
"WA,PUW,Destination"
"WA,SEA,Destination"
"WA,YKM,Destination"
"WI,ATW,Destination"
"WI,CWA,Destination"
"WI,EAU,Destination"
"WI,GRB,Destination"
"WI,LSE,Destination"
"WI,MKE,Destination"
"WI,MSN,Destination"
"WI,RHI,Destination"
"WV,CKB,Destination"
"WV,CRW,Destination"
"WV,HTS,Destination"
"WV,LWB,Destination"
"WY,COD,Destination"
"WY,CPR,Destination"
"WY,CYS,Destination"
"WY,GCC,Destination"
"WY,JAC,Destination"
"WY,LAR,Destination"
"WY,RIW,Destination"
"WY,RKS,Destination"
"WY,SHR,Destination"
"AK,ADK,Origin"
"AK,ADQ,Origin"
"AK,AKN,Origin"
"AK,ANC,Origin"
"AK,BET,Origin"
"AK,BRW,Origin"
"AK,CDV,Origin"
"AK,DLG,Origin"
"AK,FAI,Origin"
"AK,JNU,Origin"
"AK,KTN,Origin"
"AK,OME,Origin"
"AK,OTZ,Origin"
"AK,PSG,Origin"
"AK,SCC,Origin"
"AK,SIT,Origin"
"AK,WRG,Origin"
"AK,YAK,Origin"
"AL,BHM,Origin"
"AL,DHN,Origin"
"AL,HSV,Origin"
"AL,MGM,Origin"
"AL,MOB,Origin"
"AR,FSM,Origin"
"AR,LIT,Origin"
"AR,TXK,Origin"
"AR,XNA,Origin"
"AZ,AZA,Origin"
"AZ,FLG,Origin"
"AZ,PHX,Origin"
"AZ,PRC,Origin"
"AZ,TUS,Origin"
"AZ,YUM,Origin"
"CA,ACV,Origin"
"CA,BFL,Origin"
"CA,BIH,Origin"
"CA,BUR,Origin"
"CA,FAT,Origin"
"CA,LAX,Origin"
"CA,LGB,Origin"
"CA,MRY,Origin"
"CA,OAK,Origin"
"CA,ONT,Origin"
"CA,PSP,Origin"
"CA,RDD,Origin"
"CA,SAN,Origin"
"CA,SBA,Origin"
"CA,SBP,Origin"
"CA,SCK,Origin"
"CA,SFO,Origin"
"CA,SJC,Origin"
"CA,SMF,Origin"
"CA,SMX,Origin"
"CA,SNA,Origin"
"CA,STS,Origin"
"CO,ALS,Origin"
"CO,ASE,Origin"
"CO,COS,Origin"
"CO,DEN,Origin"
"CO,DRO,Origin"
"CO,EGE,Origin"
"CO,GJT,Origin"
"CO,GUC,Origin"
"CO,HDN,Origin"
"CO,MTJ,Origin"
"CO,PUB,Origin"
"CT,BDL,Origin"
"DE,ILG,Origin"
"FL,DAB,Origin"
"FL,ECP,Origin"
"FL,EYW,Origin"
"FL,FLL,Origin"
"FL,GNV,Origin"
"FL,JAX,Origin"
"FL,MCO,Origin"
"FL,MIA,Origin"
"FL,MLB,Origin"
"FL,PBI,Origin"
"FL,PGD,Origin"
"FL,PIE,Origin"
"FL,PNS,Origin"
"FL,RSW,Origin"
"FL,SFB,Origin"
"FL,SRQ,Origin"
"FL,TLH,Origin"
"FL,TPA,Origin"
"FL,VPS,Origin"
"GA,ABY,Origin"
"GA,AGS,Origin"
"GA,ATL,Origin"
"GA,BQK,Origin"
"GA,CSG,Origin"
"GA,SAV,Origin"
"GA,VLD,Origin"
"HI,HNL,Origin"
"HI,ITO,Origin"
"HI,KOA,Origin"
"HI,LIH,Origin"
"HI,OGG,Origin"
"IA,ALO,Origin"
"IA,CID,Origin"
"IA,DBQ,Origin"
"IA,DSM,Origin"
"IA,FOD,Origin"
"IA,MCW,Origin"
"IA,SUX,Origin"
"ID,BOI,Origin"
"ID,IDA,Origin"
"ID,LWS,Origin"
"ID,PIH,Origin"
"ID,SUN,Origin"
"ID,TWF,Origin"
"IL,BLV,Origin"
"IL,BMI,Origin"
"IL,CMI,Origin"
"IL,DEC,Origin"
"IL,MDW,Origin"
"IL,MLI,Origin"
"IL,ORD,Origin"
"IL,PIA,Origin"
"IL,RFD,Origin"
"IL,SPI,Origin"
"IN,EVV,Origin"
"IN,FWA,Origin"
"IN,IND,Origin"
"IN,SBN,Origin"
"KS,DDC,Origin"
"KS,GCK,Origin"
"KS,HYS,Origin"
"KS,ICT,Origin"
"KS,LBL,Origin"
"KS,MHK,Origin"
"KS,SLN,Origin"
"KY,CVG,Origin"
"KY,LEX,Origin"
"KY,OWB,Origin"
"KY,PAH,Origin"
"KY,SDF,Origin"
"LA,AEX,Origin"
"LA,BTR,Origin"
"LA,LCH,Origin"
"LA,LFT,Origin"
"LA,MLU,Origin"
"LA,MSY,Origin"
"LA,SHV,Origin"
"MA,BOS,Origin"
"MA,ORH,Origin"
"MD,BWI,Origin"
"MD,HGR,Origin"
"MD,SBY,Origin"
"ME,BGR,Origin"
"ME,PQI,Origin"
"ME,PWM,Origin"
"MI,APN,Origin"
"MI,AZO,Origin"
"MI,CIU,Origin"
"MI,CMX,Origin"
"MI,DTW,Origin"
"MI,ESC,Origin"
"MI,FNT,Origin"
"MI,GRR,Origin"
"MI,IMT,Origin"
"MI,LAN,Origin"
"MI,MBS,Origin"
"MI,MKG,Origin"
"MI,MQT,Origin"
"MI,PLN,Origin"
"MI,TVC,Origin"
"MN,BJI,Origin"
"MN,BRD,Origin"
"MN,DLH,Origin"
"MN,HIB,Origin"
"MN,INL,Origin"
"MN,MSP,Origin"
"MN,RST,Origin"
"MN,STC,Origin"
"MO,CGI,Origin"
"MO,COU,Origin"
"MO,JLN,Origin"
"MO,MCI,Origin"
"MO,SGF,Origin"
"MO,STL,Origin"
"MO,TBN,Origin"
"MS,GPT,Origin"
"MS,GTR,Origin"
"MS,JAN,Origin"
"MS,MEI,Origin"
"MS,PIB,Origin"
"MT,BIL,Origin"
"MT,BTM,Origin"
"MT,BZN,Origin"
"MT,FCA,Origin"
"MT,GTF,Origin"
"MT,HLN,Origin"
"MT,MSO,Origin"
"NC,AVL,Origin"
"NC,CLT,Origin"
"NC,EWN,Origin"
"NC,FAY,Origin"
"NC,GSO,Origin"
"NC,ILM,Origin"
"NC,OAJ,Origin"
"NC,PGV,Origin"
"NC,RDU,Origin"
"NC,USA,Origin"
"ND,BIS,Origin"
"ND,DIK,Origin"
"ND,DVL,Origin"
"ND,FAR,Origin"
"ND,GFK,Origin"
"ND,JMS,Origin"
"ND,MOT,Origin"
"ND,XWA,Origin"
"NE,BFF,Origin"
"NE,EAR,Origin"
"NE,GRI,Origin"
"NE,LBF,Origin"
"NE,LNK,Origin"
"NE,OMA,Origin"
"NH,MHT,Origin"
"NH,PSM,Origin"
"NJ,ACY,Origin"
"NJ,EWR,Origin"
"NJ,TTN,Origin"
"NM,ABQ,Origin"
"NM,HOB,Origin"
"NM,ROW,Origin"
"NM,SAF,Origin"
"NV,EKO,Origin"
"NV,LAS,Origin"
"NV,RNO,Origin"
"NY,ALB,Origin"
"NY,ART,Origin"
"NY,BGM,Origin"
"NY,BUF,Origin"
"NY,ELM,Origin"
"NY,HPN,Origin"
"NY,IAG,Origin"
"NY,ISP,Origin"
"NY,ITH,Origin"
"NY,JFK,Origin"
"NY,LGA,Origin"
"NY,OGS,Origin"
"NY,PBG,Origin"
"NY,ROC,Origin"
"NY,SWF,Origin"
"NY,SYR,Origin"
"OH,CAK,Origin"
"OH,CLE,Origin"
"OH,CMH,Origin"
"OH,DAY,Origin"
"OH,LCK,Origin"
"OH,TOL,Origin"
"OK,LAW,Origin"
"OK,OKC,Origin"
"OK,SWO,Origin"
"OK,TUL,Origin"
"OR,EUG,Origin"
"OR,MFR,Origin"
"OR,OTH,Origin"
"OR,PDX,Origin"
"OR,RDM,Origin"
"PA,ABE,Origin"
"PA,AVP,Origin"
"PA,ERI,Origin"
"PA,JST,Origin"
"PA,LBE,Origin"
"PA,MDT,Origin"
"PA,PHL,Origin"
"PA,PIT,Origin"
"PA,SCE,Origin"
"PR,BQN,Origin"
"PR,PSE,Origin"
"PR,SJU,Origin"
"RI,PVD,Origin"
"SC,CAE,Origin"
"SC,CHS,Origin"
"SC,FLO,Origin"
"SC,GSP,Origin"
"SC,HHH,Origin"
"SC,MYR,Origin"
"SD,ABR,Origin"
"SD,ATY,Origin"
"SD,FSD,Origin"
"SD,PIR,Origin"
"SD,RAP,Origin"
"TN,BNA,Origin"
"TN,CHA,Origin"
"TN,MEM,Origin"
"TN,TRI,Origin"
"TN,TYS,Origin"
"TT,GUM,Origin"
"TT,PPG,Origin"
"TT,SPN,Origin"
"TX,ABI,Origin"
"TX,ACT,Origin"
"TX,AMA,Origin"
"TX,AUS,Origin"
"TX,BPT,Origin"
"TX,BRO,Origin"
"TX,CLL,Origin"
"TX,CRP,Origin"
"TX,DAL,Origin"
"TX,DFW,Origin"
"TX,DRT,Origin"
"TX,ELP,Origin"
"TX,GGG,Origin"
"TX,GRK,Origin"
"TX,HOU,Origin"
"TX,HRL,Origin"
"TX,IAH,Origin"
"TX,LBB,Origin"
"TX,LRD,Origin"
"TX,MAF,Origin"
"TX,MFE,Origin"
"TX,SAT,Origin"
"TX,SJT,Origin"
"TX,SPS,Origin"
"TX,TYR,Origin"
"TX,VCT,Origin"
"UT,CDC,Origin"
"UT,CNY,Origin"
"UT,OGD,Origin"
"UT,PVU,Origin"
"UT,SGU,Origin"
"UT,SLC,Origin"
"UT,VEL,Origin"
"VA,CHO,Origin"
"VA,DCA,Origin"
"VA,IAD,Origin"
"VA,LYH,Origin"
"VA,ORF,Origin"
"VA,PHF,Origin"
"VA,RIC,Origin"
"VA,ROA,Origin"
"VA,SHD,Origin"
"VI,STT,Origin"
"VI,STX,Origin"
"VT,BTV,Origin"
"WA,ALW,Origin"
"WA,BLI,Origin"
"WA,EAT,Origin"
"WA,GEG,Origin"
"WA,PAE,Origin"
"WA,PSC,Origin"
"WA,PUW,Origin"
"WA,SEA,Origin"
"WA,YKM,Origin"
"WI,ATW,Origin"
"WI,CWA,Origin"
"WI,EAU,Origin"
"WI,GRB,Origin"
"WI,LSE,Origin"
"WI,MKE,Origin"
"WI,MSN,Origin"
"WI,RHI,Origin"
"WV,CKB,Origin"
"WV,CRW,Origin"
"WV,HTS,Origin"
"WV,LWB,Origin"
"WY,COD,Origin"
"WY,CPR,Origin"
"WY,CYS,Origin"
"WY,GCC,Origin"
"WY,JAC,Origin"
"WY,LAR,Origin"
"WY,RIW,Origin"
"WY,RKS,Origin"
"WY,SHR,Origin"
